seed,model,test_set,n,accuracy,macro_f1,ece,mce,brier,nll
42,banglabert,test_standard,5029,0.9238417180353947,0.9238103755880486,0.03763476140268443,0.3900909707142858,0.059836617667033035,0.21042256869651382
42,banglabert,test_dialect_chittagong,3060,0.8441176470588235,0.8432853536408224,0.08626402185209144,0.25485992000000013,0.12609398875699374,0.4340050313891313
42,banglabert,test_dialect_noakhali,3061,0.9036262659261679,0.9036081186111337,0.04771082500055542,0.2953585944444445,0.07562227350534395,0.25375350871078106
42,banglabert,test_dialect_barishal,3061,0.9199607971251225,0.9199591227943786,0.042076310072590724,0.30146069000000003,0.06499094198343165,0.23395245437685339
42,xlmr_base,test_standard,5029,0.9176774706701133,0.9175706942095361,0.04173693099566513,0.2273680438095238,0.0658218631629452,0.23414207672992243
42,xlmr_base,test_dialect_chittagong,3060,0.8199346405228758,0.819932313619756,0.09817915757643787,0.3318050497826087,0.1401025825801312,0.47429590947554723
42,xlmr_base,test_dialect_noakhali,3061,0.8899052597190461,0.8898683992084628,0.05878287235700751,0.34613111888888887,0.0887270608852453,0.30812003375662783
42,xlmr_base,test_dialect_barishal,3061,0.903952956550147,0.9039512241353695,0.04979494621966675,0.33729609142857137,0.07674710154111425,0.2755003969047598
123,banglabert,test_standard,5029,0.9264267249950289,0.926407633517743,0.035132813729459866,0.38717220379756045,0.058698919499798795,0.20880515348582487
123,banglabert,test_dialect_chittagong,3060,0.8431372549019608,0.8426166102909536,0.09288442425271558,0.190949375812824,0.1292999085643998,0.4590285047134703
123,banglabert,test_dialect_noakhali,3061,0.9036262659261679,0.9035939993071114,0.05025851569901843,0.33982954656376557,0.0767090660367365,0.26196162488954505
123,banglabert,test_dialect_barishal,3061,0.9180006533812479,0.9179956121930016,0.043464433711553986,0.35059694332235,0.06614132595071312,0.23793131684135402
123,xlmr_base,test_standard,5029,0.9182740107377212,0.9181912018967087,0.024188584666776963,0.21995522101720177,0.06425576720678963,0.2230224196736973
123,xlmr_base,test_dialect_chittagong,3060,0.8359477124183007,0.8355525580499085,0.03608800135796365,0.14802614368241407,0.12151358675075463,0.39926662835902105
123,xlmr_base,test_dialect_noakhali,3061,0.8895785690950669,0.8895784630306673,0.039837189469022774,0.22581678145640605,0.08598087704178356,0.2956135309693043
123,xlmr_base,test_dialect_barishal,3061,0.9006860503103561,0.9006745061605579,0.029626511289272288,0.2042892654736837,0.07466412679533191,0.2597297855661183
7,banglabert,test_standard,5029,0.921057864386558,0.9210172781738317,0.043189807003669506,0.23572983207373788,0.0647513288066548,0.23370423733375537
7,banglabert,test_dialect_chittagong,3060,0.8238562091503268,0.823781514463551,0.10215959385329598,0.32331040927342003,0.13872563605574564,0.4706398708671665
7,banglabert,test_dialect_noakhali,3061,0.8895785690950669,0.8894534011346376,0.06503861531985228,0.33378565311431885,0.08655001982315838,0.29496364722433105
7,banglabert,test_dialect_barishal,3061,0.9124469127736033,0.9124448102651412,0.050699235174996006,0.3786859313646952,0.07079290795197864,0.2546790211347421
7,xlmr_base,test_standard,5029,0.9174786239809107,0.9174300304435554,0.04750525756713339,0.25099299329050473,0.06573461601030442,0.24228451843140575
7,xlmr_base,test_dialect_chittagong,3060,0.834640522875817,0.8345437611213529,0.10837213805468839,0.28743513517601543,0.1337765297450165,0.4844165023077155
7,xlmr_base,test_dialect_noakhali,3061,0.8882718065991506,0.8881729733887094,0.06850582564463219,0.4698421217146374,0.08964046698831561,0.3155882138230417
7,xlmr_base,test_dialect_barishal,3061,0.9085266252858543,0.9085195077549431,0.05501110873731843,0.3373071153958639,0.07360586299307519,0.27195955062400395
2024,banglabert,test_standard,5029,0.9216544044541658,0.9216105121400437,0.024580256613058463,0.20198872259684975,0.06107382877862211,0.21236633166597335
2024,banglabert,test_dialect_chittagong,3060,0.8303921568627451,0.830080739841131,0.06953564545480548,0.19660555488533443,0.13004979592637994,0.43872813997966664
2024,banglabert,test_dialect_noakhali,3061,0.896765762822607,0.896727395411606,0.04142527474952714,0.23035558432090186,0.0780706030587739,0.259871804339098
2024,banglabert,test_dialect_barishal,3061,0.9121202221496243,0.9121183838028075,0.03306674033072369,0.23358628650506336,0.06956689426672119,0.24034532178146198
2024,xlmr_base,test_standard,5029,0.9127063034400478,0.9126938759352987,0.043772114481170264,0.19519851567610258,0.068420287268316,0.24157258369085138
2024,xlmr_base,test_dialect_chittagong,3060,0.8303921568627451,0.8303912692951638,0.10119036296321676,0.29959599177042645,0.1334719367803357,0.46320790010223856
2024,xlmr_base,test_dialect_noakhali,3061,0.8784710878797779,0.8783728356471887,0.06602131926820623,0.3286342740058899,0.09258225079231094,0.3261585027430051
2024,xlmr_base,test_dialect_barishal,3061,0.8983992159425025,0.898362725230311,0.0549108429395979,0.2852462840080261,0.07974562156508387,0.28447242079458335
31,banglabert,test_standard,5029,0.9168820839133028,0.9167925129957644,0.04564762744033288,0.2903195858001709,0.06710094101322218,0.2457550771563135
31,banglabert,test_dialect_chittagong,3060,0.8104575163398693,0.8104562208123085,0.10286524727015323,0.34233118295669557,0.14674746613163828,0.4966105183939015
31,banglabert,test_dialect_noakhali,3061,0.8876184253511924,0.887589620083439,0.06015919303726583,0.4217910957336426,0.09081408295975017,0.3225469588906571
31,banglabert,test_dialect_barishal,3061,0.9101600784057498,0.9101321101485511,0.04970017989275307,0.2716152191162109,0.07298052399804796,0.267564912216226
31,xlmr_base,test_standard,5029,0.9148936170212766,0.9148704284836484,0.051759167917318716,0.415193898337228,0.06909091447238128,0.25659790165850427
31,xlmr_base,test_dialect_chittagong,3060,0.8369281045751634,0.8369188912483949,0.10305372436646543,0.4246628469144794,0.1323839281169242,0.4745700439731365
31,xlmr_base,test_dialect_noakhali,3061,0.896765762822607,0.8966860973825783,0.06066217822044338,0.35077113226840373,0.08413966287656373,0.30790000543933854
31,xlmr_base,test_dialect_barishal,3061,0.9081999346618752,0.9081773556146802,0.054194053658124484,0.38953322834438747,0.0753754179642704,0.28398909694476854
